{"cameraMode":{"drawMode":0,"name":"Shaded","section":"Shading Mode"},"sceneLighting":false,"audioPlay":false,"sceneViewState":{"m_AlwaysRefresh":false,"showFog":true,"showSkybox":false,"showFlares":true,"showImageEffects":true,"showParticleSystems":true,"showVisualEffectGraphs":true,"m_FxEnabled":true},"in2DMode":false,"pivot":{"x":6.739999771118164,"y":2.5038487911224367,"z":0.08879232406616211},"rotation":{"x":-0.2639996111392975,"y":-0.14487409591674806,"z":0.04015086963772774,"w":-0.9527553915977478},"size":19.79423713684082,"orthographic":true}