{"cameraMode":{"drawMode":0,"name":"Shaded","section":"Shading Mode"},"sceneLighting":false,"audioPlay":false,"sceneViewState":{"m_AlwaysRefresh":false,"showFog":true,"showSkybox":false,"showFlares":true,"showImageEffects":true,"showParticleSystems":true,"showVisualEffectGraphs":true,"m_FxEnabled":true},"in2DMode":false,"pivot":{"x":-0.3842606544494629,"y":-0.2846250534057617,"z":0.12190103530883789},"rotation":{"x":-0.2639996111392975,"y":-0.14487409591674806,"z":0.04015086963772774,"w":-0.9527553915977478},"size":6.938785076141357,"orthographic":true}