{"cameraMode":{"drawMode":0,"name":"Shaded","section":"Shading Mode"},"sceneLighting":false,"audioPlay":false,"sceneViewState":{"m_AlwaysRefresh":false,"showFog":true,"showSkybox":false,"showFlares":true,"showImageEffects":true,"showParticleSystems":true,"showVisualEffectGraphs":true,"m_FxEnabled":true},"in2DMode":false,"pivot":{"x":-0.2895376682281494,"y":2.667783260345459,"z":4.739999771118164},"rotation":{"x":-0.03890547156333923,"y":-0.1413201540708542,"z":0.005560109857469797,"w":-0.9891956448554993},"size":0.4330126941204071,"orthographic":true}